taxon,age
SCLL_012,59.19667918
SCLL_545,58.90894518
SCLL_546,73.62769813
SCLL_547,73.91491903
SCLL_548,71.31042583