taxon,age
SCLL-012,59.19667918
SCLL-545,58.90894518
SCLL-546,73.62769813
SCLL-547,73.91491903
SCLL-548,71.31042583